﻿Designator,Footprint,Quantity,Value,LCSC Part #
"C1, C2, C3",0805,3,10µF,C440198
D1,D_SMA,1,SMAJ36CA,C908830
"D2, D3, D6",0603,3,LED G,C22371298
D4,D_SMA,1,SS26,C5350986
D5,0603,1,LED Y,C74343
L1,L_Chilisin_BMRB00060650,1,4.7µH,C5189938
Q1,SOT-23,1,SI2310AHE3-TP,C5243799
"R1, R2, R6, R8",0603,4,2k2,C2907117
"R10, R11, R16, R7",0603,4,10k,C15401
"R12, R13, R14, R15",0603,4,100R,C103909
R3,0603,1,510,C2907048
R4,0603,1,1k,C21190
"R5, R9",0603,2,3k3,C22978
U2,DIP-4_W8.89mm_SMDSocket_LongPads,1,VO615A-2X009T,C5369220
